类别	来源	字数	标题	AI 理由
A	aberdeen	611	Emerging market debt: Frontiers, fundamentals, and fractures	The text is an episode description and directs readers to listen to a Quarterly Perspectives podcast rather than presenting a written article.
A	aberdeen	519	Emerging market debt: Reform, resilience, and private credit	The text is a podcast episode description promoting a Quarterly Perspectives discussion, rather than a written article.
A	aberdeen	554	Emerging market equities: AI, inflation, and selective value	The text is a podcast episode description and invitation to listen, not a written article.
A	aberdeen	783	Emerging market equities: Volatility, valuations, and the value case	The text is a description of a Quarterly Perspectives podcast episode about emerging market equities, with links to podcast platforms, rather than a written art
A	amundi	950	Invitation | 2026 Amundi's Mid-Year Outlook: Power of endurance	The text is an invitation to Amundi's 2026 Mid-Year Outlook event, listing the date, discussion questions, and speakers rather than presenting a written researc
A	amundi	1048	Invitation | Going the Distance: Market Perspectives Beyond Summer	The text is an invitation to a scheduled webinar, not a written research article.
A	ares-management	227	The Opportunity Set in EMEA & APAC	The text is a brief description of a 03:11 conversation about market dynamics for alternatives in EMEA and APAC, rather than a written article.
A	ark-invest	727	A 30-Year Pattern Reversed: Inflation & AI Outlook | ITK With Cathie Wood	The text is an episode description/promotional copy for ARK Invest's "In The Know" content, referring readers to a full breakdown in the episode rather than pro
A	ark-invest	654	April 9, 2026 — In The Know With Cathie Wood	The text is an episode description for episode 78 of ITK, describing a discussion with Cathie Wood rather than providing a written article.
A	ark-invest	512	February 13, 2026 — In The Know With Cathie Wood	The text is an episode description for episode 76 of 'In The Know With Cathie Wood,' not a written research article.
A	ark-invest	507	January 9, 2026 — In The Know With Cathie Wood	The text is an episode description for a video or podcast, summarizing episode 75 of 'In The Know With Cathie Wood,' rather than providing the written article i
A	ark-invest	649	March 6, 2026 — In The Know With Cathie Wood	The text is an episode description for episode 77 of ITK, rather than a written article.
A	ark-invest	908	Why This "Scary" Jobs Report Might Be Good News | ITK With Cathie Wood	The text is a brief description of a monthly "In The Know" program featuring Cathie Wood, rather than a written article.
A	blue-owl-capital	1008	Built for Compute: Inside a Data Center	The text is a description of a 3D animated tour of data center infrastructure rather than a written article.
A	bridgewater	583	Building Resilient Portfolios in a Changing Global Environment	The text is a description of a summit discussion between Bridgewater Co-CIO Bob Prince and HSBC Private Bank CEO Ida Liu, presented as programming from the HSBC
A	bridgewater	1056	Karen Karniol-Tambour on Investing in a More Fragmented World	The text is a brief description of a panel session at the 2026 Milken Institute Global Conference, rather than a written article.
A	bridgewater	1213	Pulitzer Prize Winner Dan Yergin on How the Iran War Is Reshaping the Energy Map, and the Race to Power AI	The text is a podcast description presenting highlights from a recent discussion, rather than a written article.
A	brookfield	349	Meeting growing power demand in the U.S.	The text is a video description inviting readers to watch a video about U.S. power demand and Brookfield's renewables platform, rather than a written article.
A	brookfield	716	Podcast: Credit Crossroads with Bob O’Leary and Armen Panossian	The page describes a podcast/webcast conversation and invites the reader to listen to an excerpt, rather than providing a written article.
A	gsam	736	GSAU - Investing in the Architects: The Strategic Evolution of GP Stakes	The text is a description of a session featuring a speaker explaining GP Stakes, rather than a written article.
A	lazard-am	1447	Lazard Global Equity Franchise Strategy Q2 2026 [Video]	The page is a video description discussing the Lazard Global Equity Franchise strategy, not a written article.
A	lazard-am	1621	Lazard Global Listed Infrastructure Strategy Q2 2026 [Video]	The page is a video update description, not a written article.
A	loomis-sayles	1631	Driven to Give Back with Community Investments	The page is a video description with an important disclosure and related-article links, rather than a written article.
A	loomis-sayles	1724	Meet the Municipal Bond Investment & Research Teams	The text is a video description and disclosure, with related promotional links, rather than a written article.
A	loomis-sayles	905	The Next Generation of Core Fixed Income for Insurers	The page is an interview/media description that invites readers to listen, followed by brief promotional snippets for other content; it does not provide the wri
A	matthews-asia	527	China’s Next Innovators	The text is a video description featuring Portfolio Manager Tiffany Hsiao discussing investment themes and research methods, not a written article.
A	mfs-investment-management	934	Clarity Over Complexity: Simplifying Active ETFs and SMAs	The text is an episode description for a Straight Talk discussion featuring investment professionals, with a list of topics to be covered, rather than a written
A	mfs-investment-management	372	Keeping More in Portfolios and Less with Uncle Sam	The text is an episode description inviting viewers to join speakers and listing topics to be explored, rather than a written article.
A	mfs-investment-management	715	The Benchmark Blind Spot in Retirement Plans	The text is a description of a discussion featuring a host and speakers, with listed topics, rather than a written article.
A	msci-research	1939	BP’s AGM was contentious: this proxy season could be too	The text is a podcast episode page and listening promotion, not a written article.
A	msci-research	2131	CRE Returns: Back to Fundamentals	The page is a one-minute video description and watch page featuring Jim Costello, not a written article.
A	msci-research	1838	Can AI Really Extract Emissions Data?	The text is a podcast episode page and transcript listing, not a written article.
A	msci-research	2055	Hormuz and the Fertilizer Fault Line	The page is a podcast episode description with listening links and a transcript reference, rather than a written article.
A	msci-research	1863	Investment Trends in Focus: AI Is Driving Global Markets	The text is a podcast episode page and listening prompt, with episode description, speakers, and links to listen; it is not a written article.
A	msci-research	2228	It’s NYSE to Have Options	The page is a podcast episode description and promotional page with listening links; it does not contain the written article or episode transcript.
A	msci-research	1898	Mega-IPOs: When Private Goes Public	The page is a 15-minute video featuring MSCI's Luke Flemmer and Nick Fusco discussing SpaceX's potential IPO, private-market pricing data, valuation transparenc
A	msci-research	1967	Riding Shotgun: Mega IPOs and Founder Control	The text is a podcast episode page with listening links and a transcript reference, rather than a written article.
A	msci-research	2136	The 2026 GP Survey: The Scaling Imperative	The page is a podcast episode description and promotional page, not a written article.
A	msci-research	2283	The Gap Between Climate Shock and Recognition	The text is a podcast episode description and listening-page copy, not a written article.
A	northleaf-capital	815	Stuart Waugh Joins the How I Invest Podcast	The text is a podcast episode description directing readers to the full episode on YouTube, Apple Podcasts, and Spotify, rather than a written article.
A	robeco	505	EM to the core, Episode 1 – Six tailwinds for emerging markets	The text is a description of the first episode of a podcast series and includes video viewing copy, rather than a written research article.
A	robeco	572	EM to the core, Episode 2 – Emerging markets’ competitive edge	The text is a description of a video episode and includes a notice that the video is unavailable because advertising cookies were not accepted, rather than prov
A	robeco	621	EM to the core, Episode 3 – The emerging markets consumer	The text is an episode description for a video featuring a portfolio manager, not a written article.
A	robeco	703	EM to the core, Episode 4 – Emerging markets in a multi-polar world	The text is a description of an 'EM to the core' video episode and includes a notice that the video is unavailable without advertising cookies, rather than pres
A	robeco	1411	Emerging markets, concentration risk and the evolution of quantitative investing	The text is a podcast episode description discussing emerging-market equities and quantitative investing, rather than a written article.
A	robeco	344	Looking for value with Global Premium Equities	The text is a description of a podcast episode featuring Chris Hart discussing global premium equities, rather than a written article.
A	robeco	388	Podcast: In tune with the markets – To the moon	The page is identified as a podcast and provides only a brief podcast-style description rather than a written article.
B	bridgewater	1024	Taking Stock of the Gold Rally	The text is only an introductory passage announcing an interview about gold’s rally and listing questions to be explored; it contains no substantive analysis or
B	cohen-steers	435	40 Years: From REITs to Real Assets	The text is a brief conference description stating that the founders discussed the firm's history and expansion across real assets and alternative income strate
B	cohen-steers	548	Data centers, energy and infrastructure powering the AI surge	The text is only a brief introductory description of a conference discussion about AI, data centers, energy and infrastructure; it contains no substantive artic
B	cohen-steers	463	Era of scarcity and the coming super cycle in natural resources	The text is only a brief introduction to a conference discussion, stating that it covered oil, gold, nuclear power, and a shift from an energy-transition story 
B	northleaf-capital	910	Keynote Interview: Assessing Mid-Market Secondaries	The text is a brief promotional excerpt linking to a Buyouts interview/article, plus repeated firm background copy; it does not contain the full written article
B	northleaf-capital	1301	Shining a Spotlight on Leasing-as-a-Service	The text is a promotional webpage blurb for a referenced Infrastructure Investor article, not the full written article; it provides only a brief overview and in
B	robeco	458	EM to the core, Episode 6 – Performance dispersion and the alpha opportunity	The text is a brief promotional description for “Episode 6,” consisting of a high-level overview rather than a substantive written article.
B	rothschild-co-am	3561	Insights Issue 17 - Resilience under pressure	The text is only a partial excerpt from an interview, ending mid-answer at Q3 and directing readers to request the full magazine; the remaining page content con
C	ares-management	1489	Content is Everywhere	The text consists of a single broad promotional sentence followed by an investment disclaimer and forward-looking statement disclosures; it does not provide eno
C	ares-management	267	ESG Across the Ares Platform	The text contains only an article title, date, duration, and a brief description of two speakers discussing ESG-related value creation; it does not provide the 
C	ares-management	1721	Sports is More Than a Game	The text consists of a brief promotional description and an investment disclaimer, not a substantive article with analyzable research content.
C	ares-management	1558	The Big Game	The text consists of a one-sentence promotional teaser about the Sports, Media & Entertainment ecosystem and extensive investment disclaimers; it is too thin to
C	blue-owl-capital	861	Blue Owl Executive Perspectives: Today's Software Landscape with Vista Equity Partners	The text is a brief promotional description of a discussion, followed by a third-party information disclaimer; it contains no substantive article analysis or fi
C	bridgewater	901	Global Outlook: Our CIOs on Modern Mercantilism, AI, and Managing Money Today	The text is a brief article-page description of an excerpt from a CIO call, listing topics and speakers but not providing the substantive written article or det
C	bridgewater	450	Taking Stock of the New Paradigm, with Co-CIO Karen Karniol-Tambour	The text is a brief article description rather than the substantive article; it only states that AI and modern mercantilism are accelerating and that Co-CIO Kar
C	bridgewater	487	The Unstable Market Equilibrium, with Co-CIO Bob Prince	The text is only a brief article listing and synopsis, stating that Bob Prince discusses modern mercantilism, the AI revolution, the current near cyclical equil
C	bridgewater	633	Two Resource Grabs Reshaping Markets: Modern Mercantilism and AI	The text is a brief promotional description of an excerpt from a Q1 CIO call, not the written article itself; it provides no substantive analysis beyond listing
C	cambridge-associates	1620	Private Investments and Long-Term Portfolio Construction | Presentation	This is a gated presentation download page, containing promotional description and registration/download instructions rather than the presentation itself.
C	capital-group	1639	How U.S. midterm elections may affect markets	The text is only an introductory key-takeaways section stating that Capital Group examined over 90 years of S&P 500 data, followed by disclosures; it does not i
C	cohen-steers	375	Building better portfolios: Real estate investing explained	The text is only a brief promotional teaser describing real estate as a large asset class and mentioning income, diversification, long-term return potential, hi
C	gsam	371	Building Financial Grit: How to Help Savers Grow, Persist, and Progress	The text is promotional download and contact copy for a publication, not the article itself; it provides no substantive research content to summarize.
C	janus-henderson	1469	High-Conviction Views: The time for short-duration bonds	This is a brief article landing-page description that summarizes the topic and directs readers to download a PDF for the full paper; the full research article i
C	janus-henderson	768	The Fixed Income Universe: Investigating the opportunity set for multi-sector portfolios	The text is a brief introductory description inviting readers to download the full PDF; it does not contain the full article or substantive analysis.
C	loomis-sayles	558	Emerging Markets Debt Blended Total Return Monthly Strategy Update	The text is a very short set of article excerpts ending with ellipses, not enough to faithfully summarize the article.
C	loomis-sayles	715	Loomis Sayles Core Plus Full Discretion: A Differentiated Approach	The text is a very brief promotional excerpt with truncated sentences and does not provide enough article content for a faithful summary.
C	loomis-sayles	609	Loomis Sayles Strategic Alpha: A Low Volatility Multisector Approach	The text is a brief promotional excerpt and partial article-page copy, with truncated sentences and links to learn more; it does not contain the full article.
C	metlife-im	1104	MetLife 2025 Sustainability Report	The text is a brief introductory excerpt from MetLife’s 2025 Sustainability Report and a link to the full report, without substantive report details.
C	msci-research	2301	Beyond Asset-Class Silos: The Total-Portfolio Approach	This is a research-paper landing page with a brief preview and an unlock/access form, not the full written article.
C	msci-research	2190	Hedging Credit in 2026	This is a research-paper landing page containing a brief preview, an access prompt and related-content links; the full article is behind an unlock form.
C	msci-research	2159	Investment Trends in Focus: Midyear Update 2026	The text is a gated research-paper preview with an invitation to provide information to unlock the full paper, plus promotional navigation and a disclaimer; it 
C	msci-research	2483	Labeled Bonds: Market Overview H2 2025	The text is a research-paper landing page with a short preview, access restrictions requiring information to unlock the full paper, promotional links, and a leg
C	msci-research	1751	Latest on US Commercial-Property Pricing	The text is a promotional preview and download-access page for an MSCI research paper, not the full article; it provides only a brief description of the report 
C	msci-research	1747	Les investisseurs immobiliers restent prudents, mais de nouvelles opportunités émergent	The text is a brief research-paper preview and download landing page, with promotional copy and a legal disclaimer, rather than the full written article.
C	msci-research	2283	The State of Private Markets 2026	This is a promotional landing page for an upcoming private-markets report, with teaser statements and links to related content, rather than the full written art
C	msci-research	2088	The Total Portfolio Approach: An Analytical Toolkit	The text is a research-paper preview and access-gated landing page, followed by promotional links, an information form prompt, and a legal disclaimer; it does n
C	msci-research	2233	When Regimes Shift: Three Lenses for Managing Regime Shifts in Multi-Asset-Class Portfolios	The text is an access-gated research-paper preview with a registration wall, sidebar links to other content, and a legal disclaimer; it does not provide the ful
C	northleaf-capital	724	Keynote Interview: A New Blueprint for Infrastructure	The text is a brief promotional teaser for a perspective published in Infrastructure Investor’s September 2026 Strategy Report, not the full written article.
C	robeco	805	A value-based case for today's European banks	The text is a brief article introduction or teaser, stating the topic and broad thesis but providing no detailed analysis, evidence, or supporting arguments.
C	rothschild-co-am	324	CIO Outlook - July 2026	The text is only an article teaser and author identification; it does not provide enough substantive content to summarize the market outlook or its analysis.
C	rothschild-co-am	1904	Gold: an old metal in a new world	The text is an excerpt truncated with 'To read more, please request the full magazine below.' and includes page navigation and corporate announcements, so it is
C	wellington	1313	Growth outlook faces a new test: Inflation	The text consists of brief research-page teasers, legal disclaimers, copyright and newsletter-signup copy, rather than the full written article.
